USE `ERP-Micro`;

INSERT INTO departments (dept_ID, dept_name, upper_dept_ID)
VALUES 
-- Main Departments
('DE00001', '회계부', NULL),
('DE00002', '총무부', NULL),
('DE00003', '재무부', NULL),
('DE00004', '영업부', NULL),
('DE00005', '구매부', NULL),
('DE00006', '생산부', NULL),
('DE00007', 'IT부', NULL),
('DE00008', '재고관리부', NULL),
('DE00009', '마케팅부', NULL),
('DE00101', '회계 1팀', 'DE00001'),
('DE00102', '회계 2팀', 'DE00001'),
('DE00201', '총무 1팀', 'DE00002'),
('DE00202', '총무 2팀', 'DE00002'),
('DE00301', '재무 1팀', 'DE00003'),
('DE00302', '재무 2팀', 'DE00003'),
('DE00401', '영업 1팀', 'DE00004'),
('DE00402', '영업 2팀', 'DE00004'),
('DE00501', '구매 1팀', 'DE00005'),
('DE00502', '구매 2팀', 'DE00005'),
('DE00601', '생산 1팀', 'DE00006'),
('DE00602', '생산 2팀', 'DE00006'),
('DE00701', 'IT 1팀', 'DE00007'),
('DE00702', 'IT 2팀', 'DE00007'),
('DE00801', '재고관리 1팀', 'DE00008'),
('DE00802', '재고관리 2팀', 'DE00008'),
('DE00901', '마케팅 1팀', 'DE00009'),
('DE00902', '마케팅 2팀', 'DE00009');

INSERT INTO employee (employee_ID, name, current_dept, current_position, phone, email)
VALUES 
('EM00001', '김부장', '회계부', '부장', '02-1000-0001', 'kim01@example.com'),
('EM00002', '이부장', '총무부', '부장', '02-1000-0002', 'lee02@example.com'),
('EM00003', '박부장', '재무부', '부장', '02-1000-0003', 'park03@example.com'),
('EM00004', '최부장', '영업부', '부장', '02-1000-0004', 'choi04@example.com'),
('EM00005', '정부장', '구매부', '부장', '02-1000-0005', 'jung05@example.com'),
('EM00006', '윤부장', '생산부', '부장', '02-1000-0006', 'yoon06@example.com'),
('EM00007', '한부장', 'IT부', '부장', '02-1000-0007', 'han07@example.com'),
('EM00008', '홍부장', '재고관리부', '부장', '02-1000-0008', 'hong08@example.com'),
('EM00009', '곽부장', '마케팅부', '부장', '02-1000-0009', 'kwak09@example.com'),
('EM00010', '김팀장', '회계 1팀', '팀장', '02-1000-0010', 'kim10@example.com'),
('EM00011', '이팀장', '회계 2팀', '팀장', '02-1000-0011', 'lee11@example.com'),
('EM00012', '박팀장', '총무 1팀', '팀장', '02-1000-0012', 'park12@example.com'),
('EM00013', '최팀장', '총무 2팀', '팀장', '02-1000-0013', 'choi13@example.com'),
('EM00014', '정팀장', '재무 1팀', '팀장', '02-1000-0014', 'jung14@example.com'),
('EM00015', '윤팀장', '재무 2팀', '팀장', '02-1000-0015', 'yoon15@example.com'),
('EM00016', '한팀장', '영업 1팀', '팀장', '02-1000-0016', 'han16@example.com'),
('EM00017', '홍팀장', '영업 2팀', '팀장', '02-1000-0017', 'hong17@example.com'),
('EM00018', '곽팀장', '구매 1팀', '팀장', '02-1000-0018', 'kwak18@example.com'),
('EM00019', '김팀장', '구매 2팀', '팀장', '02-1000-0019', 'kim19@example.com'),
('EM00020', '이팀장', '생산 1팀', '팀장', '02-1000-0020', 'lee20@example.com'),
('EM00021', '박팀장', '생산 2팀', '팀장', '02-1000-0021', 'park21@example.com'),
('EM00022', '최팀장', 'IT 1팀', '팀장', '02-1000-0022', 'choi22@example.com'),
('EM00023', '정팀장', 'IT 2팀', '팀장', '02-1000-0023', 'jung23@example.com'),
('EM00024', '윤팀장', '재고관리 1팀', '팀장', '02-1000-0024', 'yoon24@example.com'),
('EM00025', '한팀장', '재고관리 2팀', '팀장', '02-1000-0025', 'han25@example.com'),
('EM00026', '홍팀장', '마케팅 1팀', '팀장', '02-1000-0026', 'hong26@example.com'),
('EM00027', '곽팀장', '마케팅 2팀', '팀장', '02-1000-0027', 'kwak27@example.com'),
('EM00028', '김팀원', '회계 1팀', '팀원', '02-1000-0028', 'kim28@example.com'),
('EM00029', '이팀원', '회계 1팀', '팀원', '02-1000-0029', 'lee29@example.com'),
('EM00030', '박팀원', '회계 2팀', '팀원', '02-1000-0030', 'park30@example.com'),
('EM00031', '최팀원', '회계 2팀', '팀원', '02-1000-0031', 'choi31@example.com'),
('EM00032', '정팀원', '총무 1팀', '팀원', '02-1000-0032', 'jung32@example.com'),
('EM00033', '윤팀원', '총무 1팀', '팀원', '02-1000-0033', 'yoon33@example.com'),
('EM00034', '한팀원', '총무 2팀', '팀원', '02-1000-0034', 'han34@example.com'),
('EM00035', '홍팀원', '총무 2팀', '팀원', '02-1000-0035', 'hong35@example.com'),
('EM00036', '곽팀원', '재무 1팀', '팀원', '02-1000-0036', 'kwak36@example.com'),
('EM00037', '김팀원', '재무 1팀', '팀원', '02-1000-0037', 'kim37@example.com'),
('EM00038', '이팀원', '재무 2팀', '팀원', '02-1000-0038', 'lee38@example.com'),
('EM00039', '박팀원', '재무 2팀', '팀원', '02-1000-0039', 'park39@example.com'),
('EM00040', '최팀원', '영업 1팀', '팀원', '02-1000-0040', 'choi40@example.com'),
('EM00041', '정팀원', '영업 1팀', '팀원', '02-1000-0041', 'jung41@example.com'),
('EM00042', '윤팀원', '영업 2팀', '팀원', '02-1000-0042', 'yoon42@example.com'),
('EM00043', '한팀원', '영업 2팀', '팀원', '02-1000-0043', 'han43@example.com'),
('EM00044', '홍팀원', '구매 1팀', '팀원', '02-1000-0044', 'hong44@example.com'),
('EM00045', '곽팀원', '구매 1팀', '팀원', '02-1000-0045', 'kwak45@example.com'),
('EM00046', '김팀원', '구매 2팀', '팀원', '02-1000-0046', 'kim46@example.com'),
('EM00047', '이팀원', '구매 2팀', '팀원', '02-1000-0047', 'lee47@example.com'),
('EM00048', '박팀원', '생산 1팀', '팀원', '02-1000-0048', 'park48@example.com'),
('EM00049', '최팀원', '생산 1팀', '팀원', '02-1000-0049', 'choi49@example.com'),
('EM00050', '정팀원', '생산 2팀', '팀원', '02-1000-0050', 'jung50@example.com'),
('EM00051', '윤팀원', '생산 2팀', '팀원', '02-1000-0051', 'yoon51@example.com'),
('EM00052', '한팀원', 'IT 1팀', '팀원', '02-1000-0052', 'han52@example.com'),
('EM00053', '홍팀원', 'IT 1팀', '팀원', '02-1000-0053', 'hong53@example.com'),
('EM00054', '곽팀원', 'IT 2팀', '팀원', '02-1000-0054', 'kwak54@example.com'),
('EM00055', '김팀원', 'IT 2팀', '팀원', '02-1000-0055', 'kim55@example.com'),
('EM00056', '이팀원', '재고관리 1팀', '팀원', '02-1000-0056', 'lee56@example.com'),
('EM00057', '박팀원', '재고관리 1팀', '팀원', '02-1000-0057', 'park57@example.com'),
('EM00058', '최팀원', '재고관리 2팀', '팀원', '02-1000-0058', 'choi58@example.com'),
('EM00059', '정팀원', '재고관리 2팀', '팀원', '02-1000-0059', 'jung59@example.com'),
('EM00060', '윤팀원', '마케팅 1팀', '팀원', '02-1000-0060', 'yoon60@example.com'),
('EM00061', '한팀원', '마케팅 1팀', '팀원', '02-1000-0061', 'han61@example.com'),
('EM00062', '홍팀원', '마케팅 2팀', '팀원', '02-1000-0062', 'hong62@example.com'),
('EM00063', '곽팀원', '마케팅 2팀', '팀원', '02-1000-0063', 'kwak63@example.com');

INSERT INTO position_history (pos_history_ID, employee_ID, dept_ID, position, start_date, end_date)
VALUES 
-- 부장: EM00001 ~ EM00009
('PO00001', 'EM00001', 'DE00001', '부장', '2023-01-01', NULL),
('PO00002', 'EM00002', 'DE00002', '부장', '2022-05-15', NULL),
('PO00003', 'EM00003', 'DE00003', '부장', '2020-09-10', NULL),
('PO00004', 'EM00004', 'DE00004', '부장', '2024-01-15', NULL),
('PO00005', 'EM00005', 'DE00005', '부장', '2023-03-10', NULL),
('PO00006', 'EM00006', 'DE00006', '부장', '2022-11-20', NULL),
('PO00007', 'EM00007', 'DE00007', '부장', '2021-04-25', NULL),
('PO00008', 'EM00008', 'DE00008', '부장', '2023-07-01', NULL),
('PO00009', 'EM00009', 'DE00009', '부장', '2023-01-10', NULL),
('PO00010', 'EM00010', 'DE00101', '팀장', '2022-10-20', NULL),
('PO00011', 'EM00011', 'DE00102', '팀장', '2020-06-15', NULL),
('PO00012', 'EM00012', 'DE00201', '팀장', '2024-02-01', NULL),
('PO00013', 'EM00013', 'DE00202', '팀장', '2023-04-05', NULL),
('PO00014', 'EM00014', 'DE00301', '팀장', '2023-06-20', NULL),
('PO00015', 'EM00015', 'DE00302', '팀장', '2021-01-01', NULL),
('PO00016', 'EM00016', 'DE00401', '팀장', '2024-01-01', NULL),
('PO00017', 'EM00017', 'DE00402', '팀장', '2023-03-15', NULL),
('PO00018', 'EM00018', 'DE00501', '팀장', '2023-08-01', NULL),
('PO00019', 'EM00019', 'DE00502', '팀장', '2020-12-01', NULL),
('PO00020', 'EM00020', 'DE00601', '팀장', '2024-01-20', NULL),
('PO00021', 'EM00021', 'DE00602', '팀장', '2023-05-10', NULL),
('PO00022', 'EM00022', 'DE00701', '팀장', '2023-10-01', NULL),
('PO00023', 'EM00023', 'DE00702', '팀장', '2021-02-25', NULL),
('PO00024', 'EM00024', 'DE00801', '팀장', '2023-09-10', NULL),
('PO00025', 'EM00025', 'DE00802', '팀장', '2024-02-15', NULL),
('PO00026', 'EM00026', 'DE00901', '팀장', '2023-01-01', NULL),
('PO00027', 'EM00027', 'DE00902', '팀장', '2022-05-01', NULL),
('PO00028', 'EM00028', 'DE00101', '팀원', '2023-12-01', NULL),
('PO00029', 'EM00029', 'DE00101', '팀원', '2023-12-01', NULL),
('PO00030', 'EM00030', 'DE00102', '팀원', '2023-11-30', NULL),
('PO00031', 'EM00031', 'DE00102', '팀원', '2023-11-30', NULL),
('PO00032', 'EM00032', 'DE00201', '팀원', '2023-06-01', NULL),
('PO00033', 'EM00033', 'DE00201', '팀원', '2023-06-01', NULL),
('PO00034', 'EM00034', 'DE00202', '팀원', '2024-01-15', NULL),
('PO00035', 'EM00035', 'DE00202', '팀원', '2024-01-15', NULL),
('PO00036', 'EM00036', 'DE00301', '팀원', '2024-02-01', NULL),
('PO00037', 'EM00037', 'DE00301', '팀원', '2024-02-01', NULL),
('PO00038', 'EM00038', 'DE00302', '팀원', '2023-03-10', NULL),
('PO00039', 'EM00039', 'DE00302', '팀원', '2023-03-10', NULL),
('PO00040', 'EM00040', 'DE00401', '팀원', '2023-01-01', NULL),
('PO00041', 'EM00041', 'DE00401', '팀원', '2023-01-01', NULL),
('PO00042', 'EM00042', 'DE00402', '팀원', '2023-03-15', NULL),
('PO00043', 'EM00043', 'DE00402', '팀원', '2023-03-15', NULL),
('PO00044', 'EM00044', 'DE00501', '팀원', '2024-01-20', NULL),
('PO00045', 'EM00045', 'DE00501', '팀원', '2024-01-20', NULL),
('PO00046', 'EM00046', 'DE00502', '팀원', '2024-01-20', NULL),
('PO00047', 'EM00047', 'DE00502', '팀원', '2024-01-20', NULL),
('PO00048', 'EM00048', 'DE00601', '팀원', '2023-06-01', NULL),
('PO00049', 'EM00049', 'DE00601', '팀원', '2023-06-01', NULL),
('PO00050', 'EM00050', 'DE00602', '팀원', '2023-09-01', NULL),
('PO00051', 'EM00051', 'DE00602', '팀원', '2023-09-01', NULL),
('PO00052', 'EM00052', 'DE00701', '팀원', '2023-08-01', NULL),
('PO00053', 'EM00053', 'DE00701', '팀원', '2023-08-01', NULL),
('PO00054', 'EM00054', 'DE00702', '팀원', '2023-08-01', NULL),
('PO00055', 'EM00055', 'DE00702', '팀원', '2023-08-01', NULL),
('PO00056', 'EM00056', 'DE00801', '팀원', '2023-10-01', NULL),
('PO00057', 'EM00057', 'DE00801', '팀원', '2023-10-01', NULL),
('PO00058', 'EM00058', 'DE00802', '팀원', '2023-10-01', NULL),
('PO00059', 'EM00059', 'DE00802', '팀원', '2023-10-01', NULL),
('PO00060', 'EM00060', 'DE00901', '팀원', '2023-12-01', NULL),
('PO00061', 'EM00061', 'DE00901', '팀원', '2023-12-01', NULL),
('PO00062', 'EM00062', 'DE00902', '팀원', '2023-12-01', NULL),
('PO00063', 'EM00063', 'DE00902', '팀원', '2023-12-01', NULL);

INSERT INTO basic_salary (salary_ID, employee_ID, salary, salary_month)
VALUES 
('SA00001', 'EM00001', 4780000, '2024-01-01'),
('SA00002', 'EM00002', 4780000, '2024-01-01'),
('SA00003', 'EM00003', 4780000, '2024-01-01'),
('SA00004', 'EM00004', 4780000, '2024-01-01'),
('SA00005', 'EM00005', 4780000, '2024-01-01'),
('SA00006', 'EM00006', 4780000, '2024-01-01'),
('SA00007', 'EM00007', 4780000, '2024-01-01'),
('SA00008', 'EM00008', 4780000, '2024-01-01'),
('SA00009', 'EM00009', 4780000, '2024-01-01'),
('SA00010', 'EM00010', 3800000, '2024-01-01'),
('SA00011', 'EM00011', 3800000, '2024-01-01'),
('SA00012', 'EM00012', 3800000, '2024-01-01'),
('SA00013', 'EM00013', 3800000, '2024-01-01'),
('SA00014', 'EM00014', 3800000, '2024-01-01'),
('SA00015', 'EM00015', 3800000, '2024-01-01'),
('SA00016', 'EM00016', 3800000, '2024-01-01'),
('SA00017', 'EM00017', 3800000, '2024-01-01'),
('SA00018', 'EM00018', 3800000, '2024-01-01'),
('SA00019', 'EM00019', 3800000, '2024-01-01'),
('SA00020', 'EM00020', 3800000, '2024-01-01'),
('SA00021', 'EM00021', 3800000, '2024-01-01'),
('SA00022', 'EM00022', 3800000, '2024-01-01'),
('SA00023', 'EM00023', 3800000, '2024-01-01'),
('SA00024', 'EM00024', 3800000, '2024-01-01'),
('SA00025', 'EM00025', 3800000, '2024-01-01'),
('SA00026', 'EM00026', 3800000, '2024-01-01'),
('SA00027', 'EM00027', 3800000, '2024-01-01'),
('SA00028', 'EM00028', 2990000, '2024-01-01'),
('SA00029', 'EM00029', 2990000, '2024-01-01'),
('SA00030', 'EM00030', 2990000, '2024-01-01'),
('SA00031', 'EM00031', 2990000, '2024-01-01'),
('SA00032', 'EM00032', 2990000, '2024-01-01'),
('SA00033', 'EM00033', 2990000, '2024-01-01'),
('SA00034', 'EM00034', 2990000, '2024-01-01'),
('SA00035', 'EM00035', 2990000, '2024-01-01'),
('SA00036', 'EM00036', 2990000, '2024-01-01'),
('SA00037', 'EM00037', 2990000, '2024-01-01'),
('SA00038', 'EM00038', 2990000, '2024-01-01'),
('SA00039', 'EM00039', 2990000, '2024-01-01'),
('SA00040', 'EM00040', 2990000, '2024-01-01'),
('SA00041', 'EM00041', 2990000, '2024-01-01'),
('SA00042', 'EM00042', 2990000, '2024-01-01'),
('SA00043', 'EM00043', 2990000, '2024-01-01'),
('SA00044', 'EM00044', 2990000, '2024-01-01'),
('SA00045', 'EM00045', 2990000, '2024-01-01'),
('SA00046', 'EM00046', 2990000, '2024-01-01'),
('SA00047', 'EM00047', 2990000, '2024-01-01'),
('SA00048', 'EM00048', 2990000, '2024-01-01'),
('SA00049', 'EM00049', 2990000, '2024-01-01'),
('SA00050', 'EM00050', 2990000, '2024-01-01'),
('SA00051', 'EM00051', 2990000, '2024-01-01'),
('SA00052', 'EM00052', 2990000, '2024-01-01'),
('SA00053', 'EM00053', 2990000, '2024-01-01'),
('SA00054', 'EM00054', 2990000, '2024-01-01'),
('SA00055', 'EM00055', 2990000, '2024-01-01'),
('SA00056', 'EM00056', 2990000, '2024-01-01'),
('SA00057', 'EM00057', 2990000, '2024-01-01'),
('SA00058', 'EM00058', 2990000, '2024-01-01'),
('SA00059', 'EM00059', 2990000, '2024-01-01'),
('SA00060', 'EM00060', 2990000, '2024-01-01'),
('SA00061', 'EM00061', 2990000, '2024-01-01'),
('SA00062', 'EM00062', 2990000, '2024-01-01'),
('SA00063', 'EM00063', 2990000, '2024-01-01');

INSERT INTO employee_detail (employee_ID, resident_number, address, cellphone, bank_account)
VALUES 
('EM00001', '9001011000001', '서울특별시 강남구 역삼동 123-45', '010-1000-0001', '1001-123-456789'),
('EM00002', '8802022000002', '부산광역시 해운대구 중동 67-89', '010-1000-0002', '1002-123-456789'),
('EM00003', '9503033000003', '인천광역시 남동구 구월동 45-12', '010-1000-0003', '1003-123-456789'),
('EM00004', '9104041000004', '대구광역시 달서구 상인동 123-45', '010-1000-0004', '1004-123-456789'),
('EM00005', '8705052000005', '대전광역시 유성구 궁동 56-78', '010-1000-0005', '1005-123-456789'),
('EM00006', '9606063000006', '광주광역시 북구 용봉동 78-90', '010-1000-0006', '1006-123-456789'),
('EM00007', '8907071000007', '울산광역시 남구 신정동 34-56', '010-1000-0007', '1007-123-456789'),
('EM00008', '9008082000008', '경기도 수원시 영통구 매탄동 89-01', '010-1000-0008', '1008-123-456789'),
('EM00009', '9509093000009', '충청북도 청주시 흥덕구 복대동 12-34', '010-1000-0009', '1009-123-456789'),
('EM00010', '8701012000010', '전라북도 전주시 덕진구 송천동 45-67', '010-1000-0010', '1010-123-456789'),
('EM00011', '9101111000011', '강원도 춘천시 후평동 67-89', '010-1000-0011', '1011-123-456789'),
('EM00012', '8802122000012', '제주특별자치도 제주시 이도동 78-12', '010-1000-0012', '1012-123-456789'),
('EM00013', '9203133000013', '경상북도 포항시 북구 환호동 45-67', '010-1000-0013', '1013-123-456789'),
('EM00014', '8904142000014', '경상남도 창원시 성산구 상남동 12-34', '010-1000-0014', '1014-123-456789'),
('EM00015', '9605153000015', '충청남도 천안시 서북구 쌍용동 23-45', '010-1000-0015', '1015-123-456789'),
('EM00016', '8706162000016', '경기도 성남시 분당구 야탑동 34-56', '010-1000-0016', '1016-123-456789'),
('EM00017', '9107171000017', '서울특별시 송파구 잠실동 67-89', '010-1000-0017', '1017-123-456789'),
('EM00018', '9008182000018', '부산광역시 사하구 하단동 78-90', '010-1000-0018', '1018-123-456789'),
('EM00019', '9509193000019', '대전광역시 중구 은행동 89-01', '010-1000-0019', '1019-123-456789'),
('EM00020', '8801202000020', '광주광역시 서구 치평동 12-34', '010-1000-0020', '1020-123-456789'),
('EM00021', '9102211000021', '제주특별자치도 서귀포시 대정읍 34-56', '010-1000-0021', '1021-123-456789'),
('EM00022', '8903222000022', '전라남도 여수시 학동 67-89', '010-1000-0022', '1022-123-456789'),
('EM00023', '9204233000023', '강원도 강릉시 교동 78-90', '010-1000-0023', '1023-123-456789'),
('EM00024', '8705242000024', '경기도 고양시 덕양구 화정동 89-01', '010-1000-0024', '1024-123-456789'),
('EM00025', '9606253000025', '서울특별시 노원구 공릉동 12-34', '010-1000-0025', '1025-123-456789'),
('EM00026', '8807262000026', '부산광역시 북구 구포동 23-45', '010-1000-0026', '1026-123-456789'),
('EM00027', '9208273000027', '대구광역시 수성구 범어동 34-56', '010-1000-0027', '1027-123-456789'),
('EM00028', '9009282000028', '대전광역시 대덕구 법동 45-67', '010-1000-0028', '1028-123-456789'),
('EM00029', '9501293000029', '광주광역시 남구 봉선동 56-78', '010-1000-0029', '1029-123-456789'),
('EM00030', '9102301000030', '서울특별시 용산구 한남동 67-89', '010-1000-0030', '1030-123-456789'),
('EM00031', '8803312000031', '경기도 의정부시 신곡동 78-90', '010-1000-0031', '1031-123-456789'),
('EM00032', '9604323000032', '부산광역시 동래구 명륜동 89-01', '010-1000-0032', '1032-123-456789'),
('EM00033', '9005332000033', '대구광역시 서구 내당동 12-34', '010-1000-0033', '1033-123-456789'),
('EM00034', '9206343000034', '제주특별자치도 제주시 한림읍 34-56', '010-1000-0034', '1034-123-456789'),
('EM00035', '8707352000035', '충청남도 아산시 배방읍 45-67', '010-1000-0035', '1035-123-456789'),
('EM00036', '9608363000036', '전라북도 익산시 영등동 56-78', '010-1000-0036', '1036-123-456789'),
('EM00037', '8909372000037', '서울특별시 서초구 서초동 67-89', '010-1000-0037', '1037-123-456789'),
('EM00038', '9500383000038', '부산광역시 금정구 장전동 78-90', '010-1000-0038', '1038-123-456789'),
('EM00039', '9001392000039', '경기도 부천시 원미구 상동 89-01', '010-1000-0039', '1039-123-456789'),
('EM00040', '9102401000040', '서울특별시 강서구 화곡동 12-34', '010-1000-0040', '1040-123-456789'),
('EM00041', '9003412000041', '경기도 수원시 장안구 파장동 34-56', '010-1000-0041', '1041-123-456789'),
('EM00042', '9504423000042', '부산광역시 해운대구 좌동 45-67', '010-1000-0042', '1042-123-456789'),
('EM00043', '8905432000043', '대구광역시 중구 동성로 56-78', '010-1000-0043', '1043-123-456789'),
('EM00044', '9606443000044', '광주광역시 동구 충장로 67-89', '010-1000-0044', '1044-123-456789'),
('EM00045', '8707452000045', '대전광역시 서구 둔산동 78-90', '010-1000-0045', '1045-123-456789'),
('EM00046', '9208463000046', '제주특별자치도 제주시 애월읍 89-01', '010-1000-0046', '1046-123-456789'),
('EM00047', '8809472000047', '전라남도 순천시 조례동 12-34', '010-1000-0047', '1047-123-456789'),
('EM00048', '9000483000048', '충청북도 청주시 상당구 용암동 34-56', '010-1000-0048', '1048-123-456789'),
('EM00049', '9501492000049', '강원도 원주시 단계동 45-67', '010-1000-0049', '1049-123-456789'),
('EM00050', '8902501000050', '서울특별시 동작구 노량진동 56-78', '010-1000-0050', '1050-123-456789'),
('EM00051', '9603513000051', '경기도 안양시 만안구 석수동 67-89', '010-1000-0051', '1051-123-456789'),
('EM00052', '8704522000052', '부산광역시 북구 덕천동 78-90', '010-1000-0052', '1052-123-456789'),
('EM00053', '9105531000053', '대구광역시 동구 신암동 89-01', '010-1000-0053', '1053-123-456789'),
('EM00054', '8806542000054', '전라북도 군산시 수송동 12-34', '010-1000-0054', '1054-123-456789'),
('EM00055', '9007553000055', '경상남도 진주시 칠암동 34-56', '010-1000-0055', '1055-123-456789'),
('EM00056', '9208563000056', '충청남도 공주시 신관동 45-67', '010-1000-0056', '1056-123-456789'),
('EM00057', '9509573000057', '서울특별시 중랑구 상봉동 56-78', '010-1000-0057', '1057-123-456789'),
('EM00058', '8900582000058', '부산광역시 서구 암남동 67-89', '010-1000-0058', '1058-123-456789'),
('EM00059', '9601593000059', '광주광역시 북구 문흥동 78-90', '010-1000-0059', '1059-123-456789'),
('EM00060', '8702602000060', '대전광역시 대덕구 오정동 89-01', '010-1000-0060', '1060-123-456789'),
('EM00061', '9103611000061', '경기도 성남시 중원구 상대원동 12-34', '010-1000-0061', '1061-123-456789'),
('EM00062', '8804622000062', '강원도 삼척시 교동 34-56', '010-1000-0062', '1062-123-456789'),
('EM00063', '9005633000063', '제주특별자치도 제주시 도두동 45-67', '010-1000-0063', '1063-123-456789');

INSERT INTO pay_category (pay_cat_ID, category)
VALUES 
('PC00001', '성과금'),
('PC00002', '상여금'),
('PC00003', '세금'),
('PC00004', '공제금');

INSERT INTO pay (pay_ID, salary_ID, pay_cat_ID, employee_ID, amount, date)
VALUES 
('EP00001', 'SA00001', 'PC00001', 'EM00001', 100000, '2024-12-01'),
('EP00002', 'SA00001', 'PC00002', 'EM00001', 50000, '2024-12-01'),
('EP00003', 'SA00001', 'PC00003', 'EM00001', 30000, '2024-12-01'),
('EP00004', 'SA00001', 'PC00004', 'EM00001', 20000, '2024-12-01'),
('EP00005', 'SA00002', 'PC00001', 'EM00002', 120000, '2024-12-01'),
('EP00006', 'SA00002', 'PC00002', 'EM00002', 60000, '2024-12-01'),
('EP00007', 'SA00002', 'PC00003', 'EM00002', 35000, '2024-12-01'),
('EP00008', 'SA00002', 'PC00004', 'EM00002', 25000, '2024-12-01'),
('EP00009', 'SA00003', 'PC00001', 'EM00003', 110000, '2024-12-01'),
('EP00010', 'SA00003', 'PC00002', 'EM00003', 55000, '2024-12-01'),
('EP00011', 'SA00003', 'PC00003', 'EM00003', 32000, '2024-12-01'),
('EP00012', 'SA00003', 'PC00004', 'EM00003', 22000, '2024-12-01'),
('EP00013', 'SA00004', 'PC00001', 'EM00004', 95000, '2024-12-01'),
('EP00014', 'SA00004', 'PC00002', 'EM00004', 47000, '2024-12-01'),
('EP00015', 'SA00004', 'PC00003', 'EM00004', 28000, '2024-12-01'),
('EP00016', 'SA00004', 'PC00004', 'EM00004', 19000, '2024-12-01'),
('EP00017', 'SA00005', 'PC00001', 'EM00005', 115000, '2024-12-01'),
('EP00018', 'SA00005', 'PC00002', 'EM00005', 58000, '2024-12-01'),
('EP00019', 'SA00005', 'PC00003', 'EM00005', 33000, '2024-12-01'),
('EP00020', 'SA00005', 'PC00004', 'EM00005', 21000, '2024-12-01'),
('EP00021', 'SA00006', 'PC00001', 'EM00006', 105000, '2024-12-01'),
('EP00022', 'SA00006', 'PC00002', 'EM00006', 52000, '2024-12-01'),
('EP00023', 'SA00006', 'PC00003', 'EM00006', 31000, '2024-12-01'),
('EP00024', 'SA00006', 'PC00004', 'EM00006', 19000, '2024-12-01'),
('EP00025', 'SA00007', 'PC00001', 'EM00007', 98000, '2024-12-01'),
('EP00026', 'SA00007', 'PC00002', 'EM00007', 49000, '2024-12-01'),
('EP00027', 'SA00007', 'PC00003', 'EM00007', 28000, '2024-12-01'),
('EP00028', 'SA00007', 'PC00004', 'EM00007', 18000, '2024-12-01'),
('EP00029', 'SA00008', 'PC00001', 'EM00008', 105000, '2024-12-01'),
('EP00030', 'SA00008', 'PC00002', 'EM00008', 53000, '2024-12-01'),
('EP00031', 'SA00008', 'PC00003', 'EM00008', 31000, '2024-12-01'),
('EP00032', 'SA00008', 'PC00004', 'EM00008', 21000, '2024-12-01'),
('EP00033', 'SA00009', 'PC00001', 'EM00009', 110000, '2024-12-01'),
('EP00034', 'SA00009', 'PC00002', 'EM00009', 55000, '2024-12-01'),
('EP00035', 'SA00009', 'PC00003', 'EM00009', 32000, '2024-12-01'),
('EP00036', 'SA00009', 'PC00004', 'EM00009', 21000, '2024-12-01'),
('EP00037', 'SA00010', 'PC00001', 'EM00010', 80000, '2024-12-01'),
('EP00038', 'SA00010', 'PC00002', 'EM00010', 40000, '2024-12-01'),
('EP00039', 'SA00010', 'PC00003', 'EM00010', 22000, '2024-12-01'),
('EP00040', 'SA00010', 'PC00004', 'EM00010', 15000, '2024-12-01'),
('EP00041', 'SA00011', 'PC00001', 'EM00011', 85000, '2024-12-01'),
('EP00042', 'SA00011', 'PC00002', 'EM00011', 43000, '2024-12-01'),
('EP00043', 'SA00011', 'PC00003', 'EM00011', 25000, '2024-12-01'),
('EP00044', 'SA00011', 'PC00004', 'EM00011', 17000, '2024-12-01'),
('EP00045', 'SA00012', 'PC00001', 'EM00012', 92000, '2024-12-01'),
('EP00046', 'SA00012', 'PC00002', 'EM00012', 46000, '2024-12-01'),
('EP00047', 'SA00012', 'PC00003', 'EM00012', 27000, '2024-12-01'),
('EP00048', 'SA00012', 'PC00004', 'EM00012', 20000, '2024-12-01'),
('EP00049', 'SA00013', 'PC00001', 'EM00013', 110000, '2024-12-01'),
('EP00050', 'SA00013', 'PC00002', 'EM00013', 55000, '2024-12-01'),
('EP00051', 'SA00013', 'PC00003', 'EM00013', 32000, '2024-12-01'),
('EP00052', 'SA00013', 'PC00004', 'EM00013', 22000, '2024-12-01'),
('EP00053', 'SA00014', 'PC00001', 'EM00014', 98000, '2024-12-01'),
('EP00054', 'SA00014', 'PC00002', 'EM00014', 49000, '2024-12-01'),
('EP00055', 'SA00014', 'PC00003', 'EM00014', 28000, '2024-12-01'),
('EP00056', 'SA00014', 'PC00004', 'EM00014', 20000, '2024-12-01'),
('EP00057', 'SA00015', 'PC00001', 'EM00015', 106000, '2024-12-01'),
('EP00058', 'SA00015', 'PC00002', 'EM00015', 53000, '2024-12-01'),
('EP00059', 'SA00015', 'PC00003', 'EM00015', 31000, '2024-12-01'),
('EP00060', 'SA00015', 'PC00004', 'EM00015', 21000, '2024-12-01'),
('EP00061', 'SA00016', 'PC00001', 'EM00016', 88000, '2024-12-01'),
('EP00062', 'SA00016', 'PC00002', 'EM00016', 44000, '2024-12-01'),
('EP00063', 'SA00016', 'PC00003', 'EM00016', 25000, '2024-12-01'),
('EP00064', 'SA00016', 'PC00004', 'EM00016', 18000, '2024-12-01'),
('EP00065', 'SA00017', 'PC00001', 'EM00017', 96000, '2024-12-01'),
('EP00066', 'SA00017', 'PC00002', 'EM00017', 48000, '2024-12-01'),
('EP00067', 'SA00017', 'PC00003', 'EM00017', 27000, '2024-12-01'),
('EP00068', 'SA00017', 'PC00004', 'EM00017', 19000, '2024-12-01'),
('EP00069', 'SA00018', 'PC00001', 'EM00018', 115000, '2024-12-01'),
('EP00070', 'SA00018', 'PC00002', 'EM00018', 57000, '2024-12-01'),
('EP00071', 'SA00018', 'PC00003', 'EM00018', 34000, '2024-12-01'),
('EP00072', 'SA00018', 'PC00004', 'EM00018', 23000, '2024-12-01'),
('EP00073', 'SA00019', 'PC00001', 'EM00019', 108000, '2024-12-01'),
('EP00074', 'SA00019', 'PC00002', 'EM00019', 54000, '2024-12-01'),
('EP00075', 'SA00019', 'PC00003', 'EM00019', 31000, '2024-12-01'),
('EP00076', 'SA00019', 'PC00004', 'EM00019', 22000, '2024-12-01'),
('EP00077', 'SA00020', 'PC00001', 'EM00020', 95000, '2024-12-01'),
('EP00078', 'SA00020', 'PC00002', 'EM00020', 48000, '2024-12-01'),
('EP00079', 'SA00020', 'PC00003', 'EM00020', 27000, '2024-12-01'),
('EP00080', 'SA00020', 'PC00004', 'EM00020', 19000, '2024-12-01'),
('EP00081', 'SA00021', 'PC00001', 'EM00021', 104000, '2024-12-01'),
('EP00082', 'SA00021', 'PC00002', 'EM00021', 52000, '2024-12-01'),
('EP00083', 'SA00021', 'PC00003', 'EM00021', 30000, '2024-12-01'),
('EP00084', 'SA00021', 'PC00004', 'EM00021', 20000, '2024-12-01'),
('EP00085', 'SA00022', 'PC00001', 'EM00022', 102000, '2024-12-01'),
('EP00086', 'SA00022', 'PC00002', 'EM00022', 51000, '2024-12-01'),
('EP00087', 'SA00022', 'PC00003', 'EM00022', 29000, '2024-12-01'),
('EP00088', 'SA00022', 'PC00004', 'EM00022', 20000, '2024-12-01'),
('EP00089', 'SA00023', 'PC00001', 'EM00023', 99000, '2024-12-01'),
('EP00090', 'SA00023', 'PC00002', 'EM00023', 49000, '2024-12-01'),
('EP00091', 'SA00023', 'PC00003', 'EM00023', 28000, '2024-12-01'),
('EP00092', 'SA00023', 'PC00004', 'EM00023', 20000, '2024-12-01'),
('EP00093', 'SA00024', 'PC00001', 'EM00024', 90000, '2024-12-01'),
('EP00094', 'SA00024', 'PC00002', 'EM00024', 45000, '2024-12-01'),
('EP00095', 'SA00024', 'PC00003', 'EM00024', 25000, '2024-12-01'),
('EP00096', 'SA00024', 'PC00004', 'EM00024', 17000, '2024-12-01'),
('EP00097', 'SA00025', 'PC00001', 'EM00025', 108000, '2024-12-01'),
('EP00098', 'SA00025', 'PC00002', 'EM00025', 54000, '2024-12-01'),
('EP00099', 'SA00025', 'PC00003', 'EM00025', 31000, '2024-12-01'),
('EP00100', 'SA00025', 'PC00004', 'EM00025', 22000, '2024-12-01'),
('EP00101', 'SA00026', 'PC00001', 'EM00026', 98000, '2024-12-01'),
('EP00102', 'SA00026', 'PC00002', 'EM00026', 49000, '2024-12-01'),
('EP00103', 'SA00026', 'PC00003', 'EM00026', 27000, '2024-12-01'),
('EP00104', 'SA00026', 'PC00004', 'EM00026', 19000, '2024-12-01'),
('EP00105', 'SA00027', 'PC00001', 'EM00027', 115000, '2024-12-01'),
('EP00106', 'SA00027', 'PC00002', 'EM00027', 57000, '2024-12-01'),
('EP00107', 'SA00027', 'PC00003', 'EM00027', 34000, '2024-12-01'),
('EP00108', 'SA00027', 'PC00004', 'EM00027', 23000, '2024-12-01'),
('EP00109', 'SA00028', 'PC00002', 'EM00028', 47000, '2024-12-01'),
('EP00110', 'SA00028', 'PC00003', 'EM00028', 26000, '2024-12-01'),
('EP00111', 'SA00028', 'PC00004', 'EM00028', 18000, '2024-12-01'),
('EP00112', 'SA00029', 'PC00002', 'EM00029', 51000, '2024-12-01'),
('EP00113', 'SA00029', 'PC00003', 'EM00029', 29000, '2024-12-01'),
('EP00114', 'SA00029', 'PC00004', 'EM00029', 20000, '2024-12-01'),
('EP00115', 'SA00030', 'PC00002', 'EM00030', 49000, '2024-12-01'),
('EP00116', 'SA00030', 'PC00003', 'EM00030', 28000, '2024-12-01'),
('EP00117', 'SA00030', 'PC00004', 'EM00030', 20000, '2024-12-01'),
('EP00118', 'SA00031', 'PC00002', 'EM00031', 53000, '2024-12-01'),
('EP00119', 'SA00031', 'PC00003', 'EM00031', 31000, '2024-12-01'),
('EP00120', 'SA00031', 'PC00004', 'EM00031', 22000, '2024-12-01'),
('EP00121', 'SA00032', 'PC00002', 'EM00032', 51000, '2024-12-01'),
('EP00122', 'SA00032', 'PC00003', 'EM00032', 29000, '2024-12-01'),
('EP00123', 'SA00032', 'PC00004', 'EM00032', 20000, '2024-12-01'),
('EP00124', 'SA00033', 'PC00002', 'EM00033', 49000, '2024-12-01'),
('EP00125', 'SA00033', 'PC00003', 'EM00033', 27000, '2024-12-01'),
('EP00126', 'SA00033', 'PC00004', 'EM00033', 19000, '2024-12-01'),
('EP00127', 'SA00034', 'PC00002', 'EM00034', 57000, '2024-12-01'),
('EP00128', 'SA00034', 'PC00003', 'EM00034', 34000, '2024-12-01'),
('EP00129', 'SA00034', 'PC00004', 'EM00034', 23000, '2024-12-01'),
('EP00130', 'SA00035', 'PC00002', 'EM00035', 50000, '2024-12-01'),
('EP00131', 'SA00035', 'PC00003', 'EM00035', 29000, '2024-12-01'),
('EP00132', 'SA00035', 'PC00004', 'EM00035', 20000, '2024-12-01'),
('EP00133', 'SA00036', 'PC00002', 'EM00036', 48000, '2024-12-01'),
('EP00134', 'SA00036', 'PC00003', 'EM00036', 27000, '2024-12-01'),
('EP00135', 'SA00036', 'PC00004', 'EM00036', 19000, '2024-12-01'),
('EP00136', 'SA00037', 'PC00002', 'EM00037', 56000, '2024-12-01'),
('EP00137', 'SA00037', 'PC00003', 'EM00037', 33000, '2024-12-01'),
('EP00138', 'SA00037', 'PC00004', 'EM00037', 23000, '2024-12-01'),
('EP00139', 'SA00038', 'PC00002', 'EM00038', 54000, '2024-12-01'),
('EP00140', 'SA00038', 'PC00003', 'EM00038', 31000, '2024-12-01'),
('EP00141', 'SA00038', 'PC00004', 'EM00038', 22000, '2024-12-01');

INSERT INTO attendance (attendance_ID, employee_ID, date, start_time, end_time)
VALUES 
('AT00001', 'EM00001', '2024-12-01', '08:20:00', '18:30:00'),
('AT00002', 'EM00002', '2024-12-01', '08:25:00', '18:30:00'),
('AT00003', 'EM00003', '2024-12-01', '08:10:00', '18:20:00'),
('AT00004', 'EM00004', '2024-12-01', '08:15:00', '18:30:00'),
('AT00005', 'EM00005', '2024-12-01', '08:28:00', '18:35:00'),
('AT00006', 'EM00006', '2024-12-01', '08:00:00', '18:30:00'),
('AT00007', 'EM00007', '2024-12-01', '08:22:00', '18:30:00'),
('AT00008', 'EM00008', '2024-12-01', '08:27:00', '18:40:00'),
('AT00009', 'EM00009', '2024-12-01', '08:05:00', '18:25:00'),
('AT00010', 'EM00010', '2024-12-01', '08:30:00', '18:30:00'),
('AT00011', 'EM00011', '2024-12-01', '08:40:00', '18:30:00'),
('AT00012', 'EM00012', '2024-12-01', '08:50:00', '18:45:00'),
('AT00013', 'EM00013', '2024-12-01', '09:00:00', '18:50:00'),
('AT00014', 'EM00014', '2024-12-01', '08:45:00', '18:55:00'),
('AT00015', 'EM00015', '2024-12-01', '09:00:00', '19:00:00'),
('AT00016', 'EM00016', '2024-12-01', '08:35:00', '18:30:00'),
('AT00017', 'EM00017', '2024-12-01', '08:50:00', '18:50:00'),
('AT00018', 'EM00018', '2024-12-01', '08:40:00', '18:45:00'),
('AT00019', 'EM00019', '2024-12-01', '08:25:00', '18:35:00'),
('AT00020', 'EM00020', '2024-12-01', '08:30:00', '18:30:00'),
('AT00021', 'EM00021', '2024-12-01', '09:05:00', '19:05:00'),
('AT00022', 'EM00022', '2024-12-01', '08:40:00', '18:35:00'),
('AT00023', 'EM00023', '2024-12-01', '09:10:00', '19:00:00'),
('AT00024', 'EM00024', '2024-12-01', '09:00:00', '19:00:00'),
('AT00025', 'EM00025', '2024-12-01', '08:50:00', '18:45:00'),
('AT00026', 'EM00026', '2024-12-01', '08:20:00', '18:30:00'),
('AT00027', 'EM00027', '2024-12-01', '08:15:00', '18:40:00'),
('AT00028', 'EM00028', '2024-12-01', '08:05:00', '18:25:00'),
('AT00029', 'EM00029', '2024-12-01', '08:25:00', '18:40:00'),
('AT00030', 'EM00030', '2024-12-01', '08:30:00', '18:35:00'),
('AT00031', 'EM00031', '2024-12-01', '08:22:00', '18:30:00'),
('AT00032', 'EM00032', '2024-12-01', '08:10:00', '18:30:00'),
('AT00033', 'EM00033', '2024-12-01', '08:55:00', '19:00:00'),
('AT00034', 'EM00034', '2024-12-01', '08:30:00', '18:30:00'),
('AT00035', 'EM00035', '2024-12-01', '08:40:00', '18:35:00'),
('AT00036', 'EM00036', '2024-12-01', '08:45:00', '18:50:00'),
('AT00037', 'EM00037', '2024-12-01', '08:35:00', '18:40:00'),
('AT00038', 'EM00038', '2024-12-01', '08:50:00', '19:05:00'),
('AT00039', 'EM00039', '2024-12-01', '08:20:00', '18:30:00'),
('AT00040', 'EM00040', '2024-12-01', '08:25:00', '18:40:00'),
('AT00041', 'EM00041', '2024-12-01', '09:00:00', '19:00:00'),
('AT00042', 'EM00042', '2024-12-01', '09:05:00', '19:05:00'),
('AT00043', 'EM00043', '2024-12-01', '08:45:00', '18:40:00'),
('AT00044', 'EM00044', '2024-12-01', '09:10:00', '19:10:00'),
('AT00045', 'EM00045', '2024-12-01', '08:30:00', '18:30:00'),
('AT00046', 'EM00046', '2024-12-01', '08:20:00', '18:30:00'),
('AT00047', 'EM00047', '2024-12-01', '08:25:00', '18:35:00'),
('AT00048', 'EM00048', '2024-12-01', '08:30:00', '18:40:00'),
('AT00049', 'EM00049', '2024-12-01', '08:40:00', '18:45:00'),
('AT00050', 'EM00050', '2024-12-01', '09:00:00', '19:00:00'),
('AT00051', 'EM00051', '2024-12-01', '08:30:00', '18:30:00'),
('AT00052', 'EM00052', '2024-12-01', '08:15:00', '18:30:00'),
('AT00053', 'EM00053', '2024-12-01', '08:45:00', '18:35:00'),
('AT00054', 'EM00054', '2024-12-01', '08:30:00', '18:30:00'),
('AT00055', 'EM00055', '2024-12-01', '09:05:00', '19:10:00'),
('AT00056', 'EM00056', '2024-12-01', '08:25:00', '18:40:00'),
('AT00057', 'EM00057', '2024-12-01', '09:00:00', '19:00:00'),
('AT00058', 'EM00058', '2024-12-01', '08:40:00', '18:45:00'),
('AT00059', 'EM00059', '2024-12-01', '08:35:00', '18:40:00'),
('AT00060', 'EM00060', '2024-12-01', '08:30:00', '18:30:00'),
('AT00061', 'EM00061', '2024-12-01', '08:30:00', '18:30:00'),
('AT00062', 'EM00062', '2024-12-01', '08:15:00', '18:30:00'),
('AT00063', 'EM00063', '2024-12-01', '08:45:00', '18:35:00');

INSERT INTO customer (customer_id, customer_name, email, phone, refund_account)
VALUES
('CU00001', '아하가구', 'aha@example.com', '010-1234-5678', '123-45-67890'),
('CU00002', '이성가구', 'esung@example.com', '010-2345-6789', '234-56-78901'),
('CU00003', '한진마트', 'hanjin@example.com', '010-3456-7890', '345-67-89012'),
('CU00004', '호성배달', 'hosung@example.com', '010-4567-8901', '456-78-90123'),
('CU00005', '성진학원', 'sungjin@example.com', '010-5678-9012', '567-89-01234');

INSERT INTO product (product_id, product_name, product_category, price, manufacture_date, is_active)
VALUES
('PR00001', '의자', '가구', 150000, '2024-11-01', TRUE),
('PR00002', '책상', '가구', 130000, '2024-10-15', TRUE),
('PR00003', '청소기', '가전제품', 300000, '2024-09-01', TRUE),
('PR00004', '종이컵', '일회용품', 60, '2024-08-20', TRUE),
('PR00005', '나무젓가락', '일회용품', 40, '2024-07-10', FALSE);

INSERT INTO warehouse (warehouse_id, warehouse_name)
VALUES
('WH00001', '1번 창고'),
('WH00002', '1번 창고'),
('WH00003', '3번 창고'),
('WH00004', '4번 창고'),
('WH00005', '5번 창고');

INSERT INTO supplier (supplier_id, supplier_name, supplier_phone)
VALUES
('SU00001', '일등종이컵', '010-1111-2222'),
('SU00002', '한성나무젓가락', '010-3333-4444');

INSERT INTO factory (factory_id, factory_name, factory_phone)
VALUES
('FA00001', '원목 공장1', '02-1234-5678'),
('FA00002', '원목 공장2', '02-1234-5679');

INSERT INTO inventory (warehouse_ID, product_id, quantity)
VALUES
('WH00001', 'PR00001', 50),
('WH00001', 'PR00002', 30),
('WH00001', 'PR00003', 20),
('WH00001', 'PR00004', 100),
('WH00002', 'PR00002', 40),
('WH00002', 'PR00003', 25),
('WH00002', 'PR00004', 200),
('WH00002', 'PR00005', 150),
('WH00003', 'PR00001', 60),
('WH00003', 'PR00003', 10),
('WH00003', 'PR00004', 80),
('WH00003', 'PR00005', 100),
('WH00004', 'PR00001', 70),
('WH00004', 'PR00002', 20),
('WH00004', 'PR00003', 15),
('WH00004', 'PR00004', 90),
('WH00005', 'PR00002', 50),
('WH00005', 'PR00004', 120),
('WH00005', 'PR00005', 80);

INSERT INTO status_history (sta_history_ID, employee_ID, status, start_date, end_date)
VALUES 
('ST00001', 'EM00001', 'Employed', '2023-01-01', NULL),
('ST00002', 'EM00002', 'Employed', '2022-05-15', NULL),
('ST00003', 'EM00003', 'Employed', '2020-09-10', NULL),
('ST00004', 'EM00004', 'Employed', '2024-01-15', NULL),
('ST00005', 'EM00005', 'Employed', '2023-03-10', NULL),
('ST00006', 'EM00006', 'Employed', '2022-11-20', NULL),
('ST00007', 'EM00007', 'Employed', '2021-04-25', NULL),
('ST00008', 'EM00008', 'Employed', '2023-07-01', NULL),
('ST00009', 'EM00009', 'Employed', '2023-01-10', NULL),
('ST00010', 'EM00010', 'Employed', '2022-10-20', NULL),
('ST00011', 'EM00011', 'Employed', '2020-06-15', NULL),
('ST00012', 'EM00012', 'Employed', '2024-02-01', NULL),
('ST00013', 'EM00013', 'Employed', '2023-04-05', NULL),
('ST00014', 'EM00014', 'Employed', '2023-06-20', NULL),
('ST00015', 'EM00015', 'Employed', '2021-01-01', NULL),
('ST00016', 'EM00016', 'Employed', '2024-01-01', NULL),
('ST00017', 'EM00017', 'Employed', '2023-03-15', NULL),
('ST00018', 'EM00018', 'Employed', '2023-08-01', NULL),
('ST00019', 'EM00019', 'Employed', '2020-12-01', NULL),
('ST00020', 'EM00020', 'Employed', '2024-01-20', NULL),
('ST00021', 'EM00021', 'Employed', '2023-05-10', NULL),
('ST00022', 'EM00022', 'Employed', '2023-10-01', NULL),
('ST00023', 'EM00023', 'Employed', '2021-02-25', NULL),
('ST00024', 'EM00024', 'Employed', '2023-09-10', NULL),
('ST00025', 'EM00025', 'Employed', '2024-02-15', NULL),
('ST00026', 'EM00026', 'Employed', '2023-01-01', NULL),
('ST00027', 'EM00027', 'Employed', '2022-05-01', NULL),
('ST00028', 'EM00028', 'Employed', '2023-12-01', NULL),
('ST00029', 'EM00029', 'Leave',    '2023-02-01', '2023-11-30'),
('ST00030', 'EM00030', 'Employed', '2021-07-10', NULL),
('ST00031', 'EM00031', 'Employed', '2023-06-01', NULL),
('ST00032', 'EM00032', 'Employed', '2022-01-15', NULL),
('ST00033', 'EM00033', 'Leave',    '2023-04-01', '2023-12-01'),
('ST00034', 'EM00034', 'Employed', '2023-08-01', NULL),
('ST00035', 'EM00035', 'Employed', '2021-03-10', NULL),
('ST00036', 'EM00036', 'Leave',    '2023-06-20', '2024-01-10'),
('ST00037', 'EM00037', 'Employed', '2024-02-01', NULL),
('ST00038', 'EM00038', 'Employed', '2020-10-01', NULL),
('ST00039', 'EM00039', 'Leave',    '2023-07-01', '2023-12-31'),
('ST00040', 'EM00040', 'Employed', '2023-01-01', NULL),
('ST00041', 'EM00041', 'Employed', '2021-12-01', NULL),
('ST00042', 'EM00042', 'Leave',    '2023-11-01', '2024-02-01'),
('ST00043', 'EM00043', 'Employed', '2023-09-10', NULL),
('ST00044', 'EM00044', 'Employed', '2024-01-01', NULL),
('ST00045', 'EM00045', 'Employed', '2020-03-10', NULL),
('ST00046', 'EM00046', 'Employed', '2023-11-20', NULL),
('ST00047', 'EM00047', 'Leave',    '2023-10-15', '2024-01-30'),
('ST00048', 'EM00048', 'Employed', '2024-01-20', NULL),
('ST00049', 'EM00049', 'Employed', '2021-05-01', NULL),
('ST00050', 'EM00050', 'Employed', '2023-06-01', NULL),
('ST00051', 'EM00051', 'Leave',    '2023-09-01', '2023-12-15'),
('ST00052', 'EM00052', 'Employed', '2022-07-10', NULL),
('ST00053', 'EM00053', 'Employed', '2024-02-10', NULL),
('ST00054', 'EM00054', 'Leave',    '2023-01-15', '2024-01-01'),
('ST00055', 'EM00055', 'Employed', '2020-11-10', NULL),
('ST00056', 'EM00056', 'Employed', '2023-10-01', NULL),
('ST00057', 'EM00057', 'Leave',    '2023-08-01', '2024-01-01'),
('ST00058', 'EM00058', 'Employed', '2021-09-01', NULL),
('ST00059', 'EM00059', 'Employed', '2023-12-01', NULL),
('ST00060', 'EM00060', 'Leave',    '2023-11-01', '2024-02-01'),
('ST00061', 'EM00061', 'Employed', '2024-01-15', NULL),
('ST00062', 'EM00062', 'Employed', '2020-05-01', NULL),
('ST00063', 'EM00063', 'Employed', '2023-09-20', NULL);

INSERT INTO project(project_ID, project_name, start_date, end_date)
VALUES
('PJ00001', 'Project1', '2024-03-04', NULL),
('PJ00002', 'Project2', '2023-05-11', NULL),
('PJ00003', 'Project3', '2023-12-26', '2024-11-06'),
('PJ00004', 'Project4', '2021-03-29', NULL),
('PJ00005', 'Project5', '2022-07-09', NULL);

INSERT INTO participation (dept_ID, project_ID)
VALUES
('DE00101', 'PJ00001'),
('DE00102', 'PJ00002'),
('DE00201', 'PJ00003'),
('DE00202', 'PJ00004'),
('DE00301', 'PJ00005');

INSERT INTO bank_account (bank_account_ID, account_name, bank_name, account_number, is_active)
VALUES
('BA00001', '계좌1', '은행01', '123-456-789012', 1),
('BA00002', '계좌2', '은행02', '987-654-321098', 1),
('BA00003', '계좌3', '은행03', '456-789-123456', 0),
('BA00004', '계좌4', '은행04', '789-012-345678', 1),
('BA00005', '계좌5', '은행04', '321-654-987654', 0);

INSERT INTO payment_card (card_ID, card_number, card_holder, card_type, card_issuer, expiration, bank_account_ID)
VALUES
('PC00001', '1234-5678-9101-1121', '계좌1', '신용카드', '비자', '2026-12-31', 'BA00001'),
('PC00002', '2345-6789-0123-4567', '계좌2', '직불카드', '마스터카드', '2025-11-30', 'BA00002'),
('PC00003', '3456-7890-1234-5678', '계좌3', '선불카드', '아멕스', '2027-06-15', 'BA00003'),
('PC00004', '4567-8901-2345-6789', '계좌4', '신용카드', '디스커버', '2028-01-20', 'BA00004'),
('PC00005', '5678-9012-3456-7890', '계좌5', '직불카드', '유니온페이', '2025-07-10', 'BA00005');

INSERT INTO account_period (account_period_ID, fiscal_year, period_name, start_date, end_date, is_closed)
VALUES
  ('AP00001', '2024', '2024Q1', '2024-01-01', '2024-03-31', 1),
  ('AP00002', '2024', '2024Q2', '2024-04-01', '2024-06-30', 1),
  ('AP00003', '2024', '2024Q3', '2024-07-01', '2024-09-30', 0),
  ('AP00004', '2024', '2024Q4', '2024-10-01', '2024-12-31', 0),
  ('AP00005', '2025', '2025Q1', '2025-01-01', '2025-03-31', 0);

INSERT INTO account (account_code, account_name, debit_credit_indicator, account_type, is_active)
VALUES
  ('AC00001', 'Cash', 'Debit', 'Assets', 1),
  ('AC00002', 'Accounts Receivable', 'Debit', 'Assets', 1),
  ('AC00003', 'Accounts Payable', 'Credit', 'Liabilities', 1),
  ('AC00004', 'Sales Revenue', 'Credit', 'Income', 1),
  ('AC00005', 'Rent Expense', 'Debit', 'Expenses', 1),
  ('AC00006', 'Inventory', 'Debit', 'Assets', 1),
  ('AC00007', 'Prepaid Expenses', 'Debit', 'Assets', 1),
  ('AC00008', 'Accumulated Depreciation', 'Credit', 'Assets', 1),
  ('AC00009', 'Notes Payable', 'Credit', 'Liabilities', 1),
  ('AC00010', 'Salaries Payable', 'Credit', 'Liabilities', 1),
  ('AC00011', 'Interest Revenue', 'Credit', 'Income', 1),
  ('AC00012', 'Service Revenue', 'Credit', 'Income', 1),
  ('AC00013', 'Utilities Expense', 'Debit', 'Expenses', 1),
  ('AC00014', 'Insurance Expense', 'Debit', 'Expenses', 1),
  ('AC00015', 'Office Supplies Expense', 'Debit', 'Expenses', 1),
  ('AC00016', 'Equipment', 'Debit', 'Assets', 1),
  ('AC00017', 'Building', 'Debit', 'Assets', 1),
  ('AC00018', 'Land', 'Debit', 'Assets', 1),
  ('AC00019', 'Capital Stock', 'Credit', 'Equity', 1),
  ('AC00020', 'Retained Earnings', 'Credit', 'Equity', 1);

INSERT INTO budget (budget_ID, dept_ID, project_ID, account_period_ID)
VALUES
('BU00001', 'DE00001', 'PJ00001', 'AP00001'),
('BU00002', 'DE00002', 'PJ00002', 'AP00002'),
('BU00003', 'DE00003', 'PJ00003', 'AP00003'),
('BU00004', 'DE00004', 'PJ00004', 'AP00004');

INSERT INTO approval (approval_ID, journal_ID, status, approver_ID, approved_date)
VALUES
('AP00001', 'JN00001', 'Approved', 'EM00001', '2024-11-01'),
('AP00002', 'JN00002', 'Approved', 'EM00001', '2024-11-02'),
('AP00003', 'JN00004', 'Approved', 'EM00001', '2024-11-03'),
('AP00004', 'JN00005', 'Approved', 'EM00001', '2024-11-04'),
('AP00005', 'JN00006', 'Approved', 'EM00001', '2024-11-05'),
('AP00006', 'JN00003', 'Rejected', 'EM00001', '2024-11-06'),
('AP00007', 'JN00010', 'Rejected', 'EM00001', '2024-11-07'),
('AP00008', 'JN00007', 'Pending', 'EM00001', NULL),
('AP00009', 'JN00008', 'Pending', 'EM00001', NULL),
('AP00010', 'JN00009', 'Pending', 'EM00001', NULL);

INSERT INTO journal (journal_ID, total_debit, total_credit, dept_ID, is_approved)
VALUES
('JN00001', 1200000.00, 1200000.00, 'DE00005', 1),
('JN00002', 700000.00, 700000.00, 'DE00005', 1),
('JN00003', 2500000.00, 2500000.00, 'DE00005', 0),
('JN00004', 450000.00, 450000.00, 'DE00005', 1),
('JN00005', 2300000.00, 2300000.00, 'DE00005', 1),
('JN00011', 1500000.00, 1500000.00, 'DE00005', 1),
('JN00012', 900000.00, 900000.00, 'DE00005', 1),
('JN00006', 1700000.00, 1700000.00, 'DE00003', 1),
('JN00007', 2200000.00, 2200000.00, 'DE00003', 1),
('JN00008', 3000000.00, 3000000.00, 'DE00003', 1),
('JN00009', 1300000.00, 1300000.00, 'DE00003', 1),
('JN00010', 2500000.00, 2500000.00, 'DE00003', 0),
('JN00013', 1800000.00, 1800000.00, 'DE00003', 1),
('JN00014', 1000000.00, 1000000.00, 'DE00003', 1),
('JN00015', 750000.00, 750000.00, 'DE00007', 1),
('JN00016', 500000.00, 500000.00, 'DE00007', 0),
('JN00017', 2000000.00, 2000000.00, 'DE00009', 1),
('JN00018', 1200000.00, 1200000.00, 'DE00009', 1),
('JN00019', 1000000.00, 1000000.00, 'DE00009', 0),
('JN00020', 800000.00, 800000.00, 'DE00004', 1),
('JN00021', 650000.00, 650000.00, 'DE00004', 1),
('JN00022', 1500000.00, 1500000.00, 'DE00004', 0);

INSERT INTO transaction (trans_ID, journal_ID, account_code, trans_date, debit, credit)
VALUES
-- JN00001: Cash (Debit) and Accounts Payable (Credit)
('TR00001', 'JN00001', 'AC00001', '2024-11-01', 1200000.00, 0.00),
('TR00002', 'JN00001', 'AC00003', '2024-11-01', 0.00, 1200000.00),

-- JN00002: Accounts Receivable (Debit) and Notes Payable (Credit)
('TR00003', 'JN00002', 'AC00002', '2024-11-02', 700000.00, 0.00),
('TR00004', 'JN00002', 'AC00009', '2024-11-02', 0.00, 700000.00),

-- JN00003: Inventory (Debit) and Accounts Payable (Credit)
('TR00005', 'JN00003', 'AC00006', '2024-11-03', 2500000.00, 0.00),
('TR00006', 'JN00003', 'AC00003', '2024-11-03', 0.00, 2500000.00),

-- JN00004: Prepaid Expenses (Debit) and Accounts Payable (Credit)
('TR00007', 'JN00004', 'AC00007', '2024-11-04', 450000.00, 0.00),
('TR00008', 'JN00004', 'AC00003', '2024-11-04', 0.00, 450000.00),

-- JN00005: Equipment (Debit) and Notes Payable (Credit)
('TR00009', 'JN00005', 'AC00016', '2024-11-05', 2300000.00, 0.00),
('TR00010', 'JN00005', 'AC00009', '2024-11-05', 0.00, 2300000.00),

-- JN00006: Salaries Payable (Debit) and Sales Revenue (Credit)
('TR00011', 'JN00006', 'AC00010', '2024-11-06', 1700000.00, 0.00),
('TR00012', 'JN00006', 'AC00004', '2024-11-06', 0.00, 1700000.00),

-- JN00007: Insurance Expense (Debit) and Accounts Payable (Credit)
('TR00013', 'JN00007', 'AC00014', '2024-11-07', 2200000.00, 0.00),
('TR00014', 'JN00007', 'AC00003', '2024-11-07', 0.00, 2200000.00),

-- JN00008: Building (Debit) and Retained Earnings (Credit)
('TR00015', 'JN00008', 'AC00017', '2024-11-08', 3000000.00, 0.00),
('TR00016', 'JN00008', 'AC00020', '2024-11-08', 0.00, 3000000.00),

-- JN00009: Utilities Expense (Debit) and Notes Payable (Credit)
('TR00017', 'JN00009', 'AC00013', '2024-11-09', 1300000.00, 0.00),
('TR00018', 'JN00009', 'AC00009', '2024-11-09', 0.00, 1300000.00),

-- JN00010: Land (Debit) and Accounts Payable (Credit)
('TR00019', 'JN00010', 'AC00018', '2024-11-10', 2500000.00, 0.00),
('TR00020', 'JN00010', 'AC00003', '2024-11-10', 0.00, 2500000.00),

-- JN00011: Cash (Debit) and Accounts Payable (Credit)
('TR00021', 'JN00011', 'AC00001', '2024-11-11', 1500000.00, 0.00),
('TR00022', 'JN00011', 'AC00003', '2024-11-11', 0.00, 1500000.00),

-- JN00012: Rent Expense (Debit) and Accounts Payable (Credit)
('TR00023', 'JN00012', 'AC00005', '2024-11-12', 900000.00, 0.00),
('TR00024', 'JN00012', 'AC00003', '2024-11-12', 0.00, 900000.00);

-- JN00013: Equipment (Debit) and Notes Payable (Credit)
('TR00025', 'JN00013', 'AC00016', '2024-11-13', 1800000.00, 0.00),
('TR00026', 'JN00013', 'AC00009', '2024-11-13', 0.00, 1800000.00),

-- JN00014: Utilities Expense (Debit) and Accounts Payable (Credit)
('TR00027', 'JN00014', 'AC00013', '2024-11-14', 1000000.00, 0.00),
('TR00028', 'JN00014', 'AC00003', '2024-11-14', 0.00, 1000000.00),

-- JN00015: Salaries Payable (Debit) and Sales Revenue (Credit)
('TR00029', 'JN00015', 'AC00010', '2024-11-15', 750000.00, 0.00),
('TR00030', 'JN00015', 'AC00004', '2024-11-15', 0.00, 750000.00),

-- JN00016: Prepaid Expenses (Debit) and Accounts Payable (Credit)
('TR00031', 'JN00016', 'AC00007', '2024-11-16', 500000.00, 0.00),
('TR00032', 'JN00016', 'AC00003', '2024-11-16', 0.00, 500000.00),

-- JN00017: Advertising Expense (Debit) and Accounts Payable (Credit)
('TR00033', 'JN00017', 'AC00015', '2024-11-17', 2000000.00, 0.00),
('TR00034', 'JN00017', 'AC00003', '2024-11-17', 0.00, 2000000.00),

-- JN00018: Service Revenue (Debit) and Sales Revenue (Credit)
('TR00035', 'JN00018', 'AC00012', '2024-11-18', 1200000.00, 0.00),
('TR00036', 'JN00018', 'AC00004', '2024-11-18', 0.00, 1200000.00),

-- JN00019: Marketing Expense (Debit) and Accounts Payable (Credit)
('TR00037', 'JN00019', 'AC00005', '2024-11-19', 1000000.00, 0.00),
('TR00038', 'JN00019', 'AC00003', '2024-11-19', 0.00, 1000000.00),

-- JN00020: Sales Revenue (Debit) and Retained Earnings (Credit)
('TR00039', 'JN00020', 'AC00004', '2024-11-20', 800000.00, 0.00),
('TR00040', 'JN00020', 'AC00020', '2024-11-20', 0.00, 800000.00),

-- JN00021: Office Supplies Expense (Debit) and Notes Payable (Credit)
('TR00041', 'JN00021', 'AC00015', '2024-11-21', 650000.00, 0.00),
('TR00042', 'JN00021', 'AC00009', '2024-11-21', 0.00, 650000.00),

-- JN00022: Inventory (Debit) and Accounts Payable (Credit)
('TR00043', 'JN00022', 'AC00006', '2024-11-22', 1500000.00, 0.00),
('TR00044', 'JN00022', 'AC00003', '2024-11-22', 0.00, 1500000.00);

INSERT INTO use_account (account_code, budget_ID, amount)
VALUES
('AC00001', 'BU00001', 500000),
('AC00002', 'BU00001', 300000),
('AC00001', 'BU00002', 250000),
('AC00005', 'BU00002', 150000),
('AC00001', 'BU00003', 600000),
('AC00003', 'BU00003', 400000),
('AC00004', 'BU00004', 800000),
('AC00002', 'BU00004', 350000);

INSERT INTO `order`(order_id, customer_id, order_price, order_date, order_time, order_status, delivery_address, invoice_id)
VALUES
('OR00001', 'CU00001', 4200000, '2024-11-01', '15:30:00', '배송 완료', '서울특별시 강남구 테헤란로 123', 'IN00001'),
('OR00002', 'CU00002', 3250000, '2024-11-02', '14:00:00', '배송 완료', '서울특별시 종로구 세종대로 175', 'IN00002'),
('OR00003', 'CU00003', 3000000, '2024-11-03', '16:00:00', '배송중', '서울특별시 송파구 잠실로 123', 'IN00003'),
('OR00004', 'CU00004', 120000, '2024-11-04', '10:00:00', '상품 준비중', '서울특별시 마포구 월드컵북로 400', 'IN00004'),
('OR00005', 'CU00005', 2600000, '2024-11-05', '17:00:00', '상품 준비중', '서울특별시 용산구 이태원로 55', 'IN00005');

INSERT INTO payment (payment_id, payment_method, order_id, payment_price, payment_date, payment_time, payment_status)
VALUES
('PM00001', '신용카드', 'OR00001', 4200000, '2024-11-01', '16:00:00', TRUE),
('PM00002', '계좌이체', 'OR00002', 3250000, '2024-11-02', '14:30:00', TRUE),
('PM00003', '신용카드', 'OR00003', 3000000, '2024-11-03', '16:30:00', TRUE),
('PM00004', '신용카드', 'OR00004', 120000,  '2024-11-04', '10:30:00', TRUE),
('PM00005', '계좌이체', 'OR00005', 2600000, '2024-11-05', '17:30:00', FALSE);

INSERT INTO order_product (order_id, product_id, order_quantity)
VALUES
('OR00001', 'PR00001', 15),
('OR00001', 'PR00002', 15),
('OR00002', 'PR00002', 25),
('OR00003', 'PR00003', 10),
('OR00004', 'PR00004', 2000),
('OR00005', 'PR00002', 20);

INSERT INTO supply (product_id, supplier_id, cost)
VALUES
('PR00004', 'SU00001', 2000000),
('PR00005', 'SU00002', 1000000);

INSERT INTO production (production_id, product_id, production_quantity, production_date, production_time, factory_id, cost)
VALUES
('PD0001', 'PR00001', 50,  '2024-08-25', '07:45:00', 'FA00001', 3250000),
('PD0002', 'PR00002', 100, '2024-07-05', '12:30:00', 'FA00001', 3000000),
('PD0003', 'PR00003', 20,  '2024-07-05', '12:30:00', 'FA00002', 120000);

INSERT INTO permission (dept_ID, account_management, account_period_management, budget_management)
VALUES
('DE00001', 1, 1, 1),
('DE00002', 1, 0, 1),
('DE00003', 1, 1, 1),
('DE00004', 0, 0, 1),
('DE00005', 1, 0, 1),
('DE00006', 0, 0, 1),
('DE00007', 1, 0, 0),
('DE00008', 1, 0, 0),
('DE00009', 0, 0, 0);
